Workbook

Sheet 需求列表
A1: 编号 | B1: 需求内容 | C1: 发送时间 | D1: 返回时间 | E1: 语言 | F1: 原文字数 | G1: 单价 | H1: 费用（含税）
A2: 1 | F2: =Sheet1!J13 -> 0 | G2: 0 | H2: =F2*G2*1.06 -> 0
A3: 2 | F3: =Sheet1!J28 -> 0 | G3: 0 | H3: =F3*G3*1.06 -> 0
A4: 3 | F4: =Sheet1!J43 -> 0 | G4: 0 | H4: =F4*G4*1.06 -> 0
A5: 4 | F5: =Sheet1!J58 -> 0 | G5: 0 | H5: =F5*G5*1.06 -> 0
A6: 5 | F6: =Sheet1!J73 -> 0 | G6: 0 | H6: =F6*G6*1.06 -> 0
A7: 6 | F7: =Sheet1!J88 -> 0 | G7: 0 | H7: =F7*G7*1.06 -> 0
A8: 7 | F8: =Sheet1!J103 -> 0 | G8: 0 | H8: =F8*G8*1.06 -> 0
A9: 8 | F9: =Sheet1!J118 -> 0 | G9: 0 | H9: =F9*G9*1.06 -> 0
A10: 9 | F10: =Sheet1!J133 -> 0 | G10: 0 | H10: =F10*G10*1.06 -> 0
A11: 10 | F11: =Sheet1!J148 -> 0 | G11: 0 | H11: =F11*G11*1.06 -> 0
A12: 11 | F12: =Sheet1!J163 -> 0 | G12: 0 | H12: =F12*G12*1.06 -> 0
A13: 12 | F13: =Sheet1!J178 -> 0 | G13: 0 | H13: =F13*G13*1.06 -> 0
A14: 13 | F14: =Sheet1!J193 -> 0 | G14: 0 | H14: =F14*G14*1.06 -> 0
A15: 14 | F15: =Sheet1!J208 -> 0 | G15: 0 | H15: =F15*G15*1.06 -> 0
A16: 15 | F16: =Sheet1!J223 -> 0 | G16: 0 | H16: =F16*G16*1.06 -> 0
A17: 16 | F17: =Sheet1!J238 -> 0 | G17: 0 | H17: =F17*G17*1.06 -> 0
A18: 17 | F18: =Sheet1!J253 -> 0 | G18: 0 | H18: =F18*G18*1.06 -> 0
A19: 18 | F19: =Sheet1!J268 -> 0 | G19: 0 | H19: =F19*G19*1.06 -> 0
A20: 19 | F20: =Sheet1!J283 -> 0 | G20: 0 | H20: =F20*G20*1.06 -> 0
A21: 20 | F21: =Sheet1!J298 -> 0 | G21: 0 | H21: =F21*G21*1.06 -> 0
A22: 21 | F22: =Sheet1!J313 -> 0 | G22: 0 | H22: =F22*G22*1.06 -> 0
A23: 22 | F23: =Sheet1!J328 -> 0 | G23: 0 | H23: =F23*G23*1.06 -> 0
A24: 23 | F24: =Sheet1!J343 -> 0 | G24: 0 | H24: =F24*G24*1.06 -> 0
A25: 24 | F25: =Sheet1!J358 -> 0 | G25: 0 | H25: =F25*G25*1.06 -> 0
A26: 25 | F26: =Sheet1!J373 -> 0 | G26: 0 | H26: =F26*G26*1.06 -> 0
A27: 26 | F27: =Sheet1!J388 -> 0 | G27: 0 | H27: =F27*G27*1.06 -> 0
A28: 27 | F28: =Sheet1!J403 -> 0 | G28: 0 | H28: =F28*G28*1.06 -> 0
A29: 28 | F29: =Sheet1!J418 -> 0 | G29: 0 | H29: =F29*G29*1.06 -> 0
A30: 29 | F30: =Sheet1!J433 -> 0 | G30: 0 | H30: =F30*G30*1.06 -> 0
A31: 30 | F31: =Sheet1!J448 -> 0 | G31: 0 | H31: =F31*G31*1.06 -> 0
A32: 31 | F32: =Sheet1!J463 -> 0 | G32: 0 | H32: =F32*G32*1.06 -> 0
A33: 32 | F33: =Sheet1!J478 -> 0 | G33: 0 | H33: =F33*G33*1.06 -> 0
A34: 33 | F34: =Sheet1!J493 -> 0 | G34: 0 | H34: =F34*G34*1.06 -> 0
A35: 34 | F35: =Sheet1!J508 -> 0 | G35: 0 | H35: =F35*G35*1.06 -> 0
A36: 35 | F36: =Sheet1!J523 -> 0 | G36: 0 | H36: =F36*G36*1.06 -> 0
A37: 36 | F37: =Sheet1!J538 -> 0 | G37: 0 | H37: =F37*G37*1.06 -> 0
A38: 37 | F38: =Sheet1!J553 -> 0 | G38: 0 | H38: =F38*G38*1.06 -> 0
A39: 38 | F39: =Sheet1!J568 -> 0 | G39: 0 | H39: =F39*G39*1.06 -> 0
A40: 39 | F40: =Sheet1!J583 -> 0 | G40: 0 | H40: =F40*G40*1.06 -> 0
A41: 40 | F41: =Sheet1!J598 -> 0 | G41: 0 | H41: =F41*G41*1.06 -> 0
A42: 41 | F42: =Sheet1!J613 -> 0 | G42: 0 | H42: =F42*G42*1.06 -> 0
A43: 42 | F43: =Sheet1!J628 -> 0 | G43: 0 | H43: =F43*G43*1.06 -> 0
A44: 43 | F44: =Sheet1!J643 -> 0 | G44: 0 | H44: =F44*G44*1.06 -> 0
A45: 44 | F45: =Sheet1!J658 -> 0 | G45: 0 | H45: =F45*G45*1.06 -> 0
A46: 45 | F46: =Sheet1!J673 -> 0 | G46: 0 | H46: =F46*G46*1.06 -> 0
A47: 46 | F47: =Sheet1!J688 -> 0 | G47: 0 | H47: =F47*G47*1.06 -> 0
A48: 47 | F48: =Sheet1!J703 -> 0 | G48: 0 | H48: =F48*G48*1.06 -> 0
A49: 48 | F49: =Sheet1!J718 -> 0 | G49: 0 | H49: =F49*G49*1.06 -> 0
A50: 49 | F50: =Sheet1!J733 -> 0 | G50: 0 | H50: =F50*G50*1.06 -> 0
A51: 50 | F51: =Sheet1!J748 -> 0 | G51: 0 | H51: =F51*G51*1.06 -> 0
H52: =SUM(H2:H51) -> 0

Sheet Sheet1
A1: =需求列表!B2 -> 0
A2: Type | B2: Segments | C2: Source words | D2: Source non-Asian words | E2: Source Asian characters | F2: Source chars | G2: Source tags | H2: Percent | I2: 比例 | J2: 结算 字数
A3: All | I3: 0 | J3: =E3*I3 -> 0
A4: X-translated / double context | I4: 0 | J4: =E4*I4 -> 0
A5: Repetition | I5: 0 | J5: =E5*I5 -> 0
A6: 1.01 | I6: 0 | J6: =E6*I6 -> 0
A7: 1 | I7: 0 | J7: =E7*I7 -> 0
A8: 95%-99% | I8: 0 | J8: =E8*I8 -> 0
A9: 85%-94% | I9: 1 | J9: =E9*I9 -> 0
A10: 75%-84% | I10: 1 | J10: =E10*I10 -> 0
A11: 50%-74% | I11: 1 | J11: =E11*I11 -> 0
A12: No match | I12: 1 | J12: =E12*I12 -> 0
J13: =SUM(J3:J12) -> 0
A16: =需求列表!B3 -> 0
A17: Type | B17: Segments | C17: Source words | D17: Source non-Asian words | E17: Source Asian characters | F17: Source chars | G17: Source tags | H17: Percent | I17: 比例 | J17: 结算 字数
A18: All | I18: 0 | J18: =E18*I18 -> 0
A19: X-translated / double context | I19: 0 | J19: =E19*I19 -> 0
A20: Repetition | I20: 0 | J20: =E20*I20 -> 0
A21: 1.01 | I21: 0 | J21: =E21*I21 -> 0
A22: 1 | I22: 0 | J22: =E22*I22 -> 0
A23: 95%-99% | I23: 0 | J23: =E23*I23 -> 0
A24: 85%-94% | I24: 1 | J24: =E24*I24 -> 0
A25: 75%-84% | I25: 1 | J25: =E25*I25 -> 0
A26: 50%-74% | I26: 1 | J26: =E26*I26 -> 0
A27: No match | I27: 1 | J27: =E27*I27 -> 0
J28: =SUM(J18:J27) -> 0
A31: =需求列表!B4 -> 0
A32: Type | B32: Segments | C32: Source words | D32: Source non-Asian words | E32: Source Asian characters | F32: Source chars | G32: Source tags | H32: Percent | I32: 比例 | J32: 结算 字数
A33: All | I33: 0 | J33: =E33*I33 -> 0
A34: X-translated / double context | I34: 0 | J34: =E34*I34 -> 0
A35: Repetition | I35: 0 | J35: =E35*I35 -> 0
A36: 1.01 | I36: 0 | J36: =E36*I36 -> 0
A37: 1 | I37: 0 | J37: =E37*I37 -> 0
A38: 95%-99% | I38: 0 | J38: =E38*I38 -> 0
A39: 85%-94% | I39: 1 | J39: =E39*I39 -> 0
A40: 75%-84% | I40: 1 | J40: =E40*I40 -> 0
A41: 50%-74% | I41: 1 | J41: =E41*I41 -> 0
A42: No match | I42: 1 | J42: =E42*I42 -> 0
J43: =SUM(J33:J42) -> 0
A46: =需求列表!B5 -> 0
A47: Type | B47: Segments | C47: Source words | D47: Source non-Asian words | E47: Source Asian characters | F47: Source chars | G47: Source tags | H47: Percent | I47: 比例 | J47: 结算 字数
A48: All | I48: 0 | J48: =E48*I48 -> 0
A49: X-translated / double context | I49: 0 | J49: =E49*I49 -> 0
A50: Repetition | I50: 0 | J50: =E50*I50 -> 0
A51: 1.01 | I51: 0 | J51: =E51*I51 -> 0
A52: 1 | I52: 0 | J52: =E52*I52 -> 0
A53: 95%-99% | I53: 0 | J53: =E53*I53 -> 0
A54: 85%-94% | I54: 1 | J54: =E54*I54 -> 0
A55: 75%-84% | I55: 1 | J55: =E55*I55 -> 0
A56: 50%-74% | I56: 1 | J56: =E56*I56 -> 0
A57: No match | I57: 1 | J57: =E57*I57 -> 0
A58: Analysis | J58: =SUM(J48:J57) -> 0
A61: =需求列表!B6 -> 0
A62: Type | B62: Segments | C62: Source words | D62: Source non-Asian words | E62: Source Asian characters | F62: Source chars | G62: Source tags | H62: Percent | I62: 比例 | J62: 结算 字数
A63: All | I63: 0 | J63: =E63*I63 -> 0
A64: X-translated / double context | I64: 0 | J64: =E64*I64 -> 0
A65: Repetition | I65: 0 | J65: =E65*I65 -> 0
A66: 1.01 | I66: 0 | J66: =E66*I66 -> 0
A67: 1 | I67: 0 | J67: =E67*I67 -> 0
A68: 95%-99% | I68: 0 | J68: =E68*I68 -> 0
A69: 85%-94% | I69: 1 | J69: =E69*I69 -> 0
A70: 75%-84% | I70: 1 | J70: =E70*I70 -> 0
A71: 50%-74% | I71: 1 | J71: =E71*I71 -> 0
A72: No match | I72: 1 | J72: =E72*I72 -> 0
J73: =SUM(J63:J72) -> 0
A76: =需求列表!B7 -> 0
A77: Type | B77: Segments | C77: Source words | D77: Source non-Asian words | E77: Source Asian characters | F77: Source chars | G77: Source tags | H77: Percent | I77: 比例 | J77: 结算 字数
A78: All | I78: 0 | J78: =E78*I78 -> 0
A79: X-translated / double context | I79: 0 | J79: =E79*I79 -> 0
A80: Repetition | I80: 0 | J80: =E80*I80 -> 0
A81: 1.01 | I81: 0 | J81: =E81*I81 -> 0
A82: 1 | I82: 0 | J82: =E82*I82 -> 0
A83: 95%-99% | I83: 0 | J83: =E83*I83 -> 0
A84: 85%-94% | I84: 1 | J84: =E84*I84 -> 0
A85: 75%-84% | I85: 1 | J85: =E85*I85 -> 0
A86: 50%-74% | I86: 1 | J86: =E86*I86 -> 0
A87: No match | I87: 1 | J87: =E87*I87 -> 0
J88: =SUM(J78:J87) -> 0
A91: =需求列表!B8 -> 0
A92: Type | B92: Segments | C92: Source words | D92: Source non-Asian words | E92: Source Asian characters | F92: Source chars | G92: Source tags | H92: Percent | I92: 比例 | J92: 结算 字数
A93: All | I93: 0 | J93: =E93*I93 -> 0
A94: X-translated / double context | I94: 0 | J94: =E94*I94 -> 0
A95: Repetition | I95: 0 | J95: =E95*I95 -> 0
A96: 1.01 | I96: 0 | J96: =E96*I96 -> 0
A97: 1 | I97: 0 | J97: =E97*I97 -> 0
A98: 95%-99% | I98: 0 | J98: =E98*I98 -> 0
A99: 85%-94% | I99: 1 | J99: =E99*I99 -> 0
A100: 75%-84% | I100: 1 | J100: =E100*I100 -> 0
A101: 50%-74% | I101: 1 | J101: =E101*I101 -> 0
A102: No match | I102: 1 | J102: =E102*I102 -> 0
J103: =SUM(J93:J102) -> 0
A106: =需求列表!B9 -> 0
A107: Type | B107: Segments | C107: Source words | D107: Source non-Asian words | E107: Source Asian characters | F107: Source chars | G107: Source tags | H107: Percent | I107: 比例 | J107: 结算 字数
A108: All | I108: 0 | J108: =E108*I108 -> 0
A109: X-translated / double context | I109: 0 | J109: =E109*I109 -> 0
A110: Repetition | I110: 0 | J110: =E110*I110 -> 0
A111: 1.01 | I111: 0 | J111: =E111*I111 -> 0
A112: 1 | I112: 0 | J112: =E112*I112 -> 0
A113: 95%-99% | I113: 0 | J113: =E113*I113 -> 0
A114: 85%-94% | I114: 1 | J114: =E114*I114 -> 0
...
