Workbook

Sheet 本地化报价
C3: 报价单
C6: 报价信息
C7: 报价单号： | E7: 20260506， | G7: 报价日期： | H7: 46148
C9: 服务内容 | F9: 预估字数 | G9: 每字单价/CNY | H9: 总额
C10: 6.00_PNG增量_20260506.xlsx HL260408002-018 | F10: =字数统计!O4 -> 269.9 | G10: 0.64 | H10: =G10*F10 -> 172.736
C11: 合计 | H11: =SUM(H10:H10) -> 172.736
C13: 排期
C15: 交付日 2026/5/8 16:00
M19: 0.3
M20: 0.3
C26: 联系信息
C28: 我司名称： | E28: 大连游者之家信息技术有限公司
C29: 我司地址： | E29: 辽宁省大连市高新园区黄浦路533号 海创国际大厦7层07单元
C30: 联系人员： | E30: 殷守纪
C31: 联系电话： | E31: 13654287085

Sheet 字数统计
A1: =具体数据!A1 -> ファイル [zho-CN-jpn]6.00_PNG增量_20260506.xlsx の統計
K3: 语源source的亚洲文字数总字数 | L3: 全source的文字数 | M3: 非亚洲文字折算计费字数 （全source的文字数-语源source的文字数）*30% | N3: 模糊匹配规则下的原文字数 | O3: 合计字数
A4: 分析 | K4: =E9 -> 260 | L4: =F9 -> 293 | M4: =(L4-K4)*0.3 -> 9.9 | N4: =J19 -> 260 | O4: =N4+M4 -> 269.9
A5: 範囲 | B5: 選択した文書；文書数: 1
A6: リソース | B6: 均一性
A8: =具体数据!A8 -> 種類 | B8: =具体数据!B8 -> セグメント数 | C8: =具体数据!C8 -> ソースの単語数 | D8: =具体数据!D8 -> ソースがアジア言語以外の単語数 | E8: =具体数据!E8 -> ソースがアジア言語の文字数 | F8: =具体数据!F8 -> ソースの文字数 | G8: =具体数据!G8 -> ソースのタグ | H8: =具体数据!H8 -> 割合 | J8: 模糊匹配规则下的原文字数
A9: =具体数据!A9 -> すべて | B9: =具体数据!B9 -> 9 | C9: =具体数据!C9 -> 260 | D9: =具体数据!D9 -> 0 | E9: =具体数据!E9 -> 260 | F9: =具体数据!F9 -> 293 | G9: =具体数据!G9 -> 6 | H9: =具体数据!H9 -> 100
A10: =具体数据!A10 -> クロス翻訳/二重コンテキスト | B10: =具体数据!B10 -> 0 | C10: =具体数据!C10 -> 0 | D10: =具体数据!D10 -> 0 | E10: =具体数据!E10 -> 0 | F10: =具体数据!F10 -> 0 | G10: =具体数据!G10 -> 0 | H10: =具体数据!H10 -> 0
A11: =具体数据!A11 -> 繰り返し | B11: =具体数据!B11 -> 0 | C11: =具体数据!C11 -> 0 | D11: =具体数据!D11 -> 0 | E11: =具体数据!E11 -> 0 | F11: =具体数据!F11 -> 0 | G11: =具体数据!G11 -> 0 | H11: =具体数据!H11 -> 0
A12: =具体数据!A12 -> 1.01 | B12: =具体数据!B12 -> 0 | C12: =具体数据!C12 -> 0 | D12: =具体数据!D12 -> 0 | E12: =具体数据!E12 -> 0 | F12: =具体数据!F12 -> 0 | G12: =具体数据!G12 -> 0 | H12: =具体数据!H12 -> 0 | I12: 0 | J12: =I12*E12 -> 0
A13: =具体数据!A13 -> 1 | B13: =具体数据!B13 -> 0 | C13: =具体数据!C13 -> 0 | D13: =具体数据!D13 -> 0 | E13: =具体数据!E13 -> 0 | F13: =具体数据!F13 -> 0 | G13: =具体数据!G13 -> 0 | H13: =具体数据!H13 -> 0 | I13: 0.1 | J13: =I13*E13 -> 0
A14: =具体数据!A14 -> 95%-99% | B14: =具体数据!B14 -> 0 | C14: =具体数据!C14 -> 0 | D14: =具体数据!D14 -> 0 | E14: =具体数据!E14 -> 0 | F14: =具体数据!F14 -> 0 | G14: =具体数据!G14 -> 0 | H14: =具体数据!H14 -> 0 | I14: 0.4 | J14: =I14*E14 -> 0
A15: =具体数据!A15 -> 85%-94% | B15: =具体数据!B15 -> 0 | C15: =具体数据!C15 -> 0 | D15: =具体数据!D15 -> 0 | E15: =具体数据!E15 -> 0 | F15: =具体数据!F15 -> 0 | G15: =具体数据!G15 -> 0 | H15: =具体数据!H15 -> 0 | I15: 1 | J15: =I15*E15 -> 0
A16: =具体数据!A16 -> 75%-84% | B16: =具体数据!B16 -> 0 | C16: =具体数据!C16 -> 0 | D16: =具体数据!D16 -> 0 | E16: =具体数据!E16 -> 0 | F16: =具体数据!F16 -> 0 | G16: =具体数据!G16 -> 0 | H16: =具体数据!H16 -> 0 | I16: 1 | J16: =I16*E16 -> 0
A17: =具体数据!A17 -> 50%-74% | B17: =具体数据!B17 -> 0 | C17: =具体数据!C17 -> 0 | D17: =具体数据!D17 -> 0 | E17: =具体数据!E17 -> 0 | F17: =具体数据!F17 -> 0 | G17: =具体数据!G17 -> 0 | H17: =具体数据!H17 -> 0 | I17: 1 | J17: =I17*E17 -> 0
A18: =具体数据!A18 -> 一致しない | B18: =具体数据!B18 -> 9 | C18: =具体数据!C18 -> 260 | D18: =具体数据!D18 -> 0 | E18: =具体数据!E18 -> 260 | F18: =具体数据!F18 -> 293 | G18: =具体数据!G18 -> 6 | H18: =具体数据!H18 -> 100 | I18: 1 | J18: =I18*E18 -> 260
A19: 合计 | J19: =SUM(J11:J18) -> 260

Sheet 具体数据
A1: ファイル [zho-CN-jpn]6.00_PNG增量_20260506.xlsx の統計
A4: 分析
A5: 範囲 | B5: 選択した文書；文書数: 1
A6: リソース | B6: 均一性
A8: 種類 | B8: セグメント数 | C8: ソースの単語数 | D8: ソースがアジア言語以外の単語数 | E8: ソースがアジア言語の文字数 | F8: ソースの文字数 | G8: ソースのタグ | H8: 割合
A9: すべて | B9: 9 | C9: 260 | D9: 0 | E9: 260 | F9: 293 | G9: 6 | H9: 100
A10: クロス翻訳/二重コンテキスト | B10: 0 | C10: 0 | D10: 0 | E10: 0 | F10: 0 | G10: 0 | H10: 0
A11: 繰り返し | B11: 0 | C11: 0 | D11: 0 | E11: 0 | F11: 0 | G11: 0 | H11: 0
A12: 1.01 | B12: 0 | C12: 0 | D12: 0 | E12: 0 | F12: 0 | G12: 0 | H12: 0
A13: 1 | B13: 0 | C13: 0 | D13: 0 | E13: 0 | F13: 0 | G13: 0 | H13: 0
A14: 95%-99% | B14: 0 | C14: 0 | D14: 0 | E14: 0 | F14: 0 | G14: 0 | H14: 0
A15: 85%-94% | B15: 0 | C15: 0 | D15: 0 | E15: 0 | F15: 0 | G15: 0 | H15: 0
A16: 75%-84% | B16: 0 | C16: 0 | D16: 0 | E16: 0 | F16: 0 | G16: 0 | H16: 0
A17: 50%-74% | B17: 0 | C17: 0 | D17: 0 | E17: 0 | F17: 0 | G17: 0 | H17: 0
A18: 一致しない | B18: 9 | C18: 260 | D18: 0 | E18: 260 | F18: 293 | G18: 6 | H18: 100
