Workbook

Sheet 本地化报价
C3: 报价单(中译日)
C6: 报价信息
C7: 报价单号： | E7: =TEXT(H7,"YYYYMMDD") -> 20260410 | G7: 报价日期： | H7: 46122
C9: 服务内容 | F9: 字数 | G9: 每字单价(CNY) | H9: 金额 (CNY) | I9: 交付日
C10: =字数统计!C3 -> 0 | F10: =字数统计!D3 -> 0 | G10: 0.32 | H10: =F10*G10 -> 0 | I10: 9/17 (星期三)
C11: =字数统计!C4 -> 0 | F11: =字数统计!D4 -> 0 | G11: 0.32 | H11: =F11*G11 -> 0 | I11: 9/17 (星期三)
C12: =字数统计!C5 -> 0 | F12: =字数统计!D5 -> 0 | G12: 0.32 | H12: =F12*G12 -> 0 | I12: 9/17 (星期三)
C13: =字数统计!C6 -> 0 | F13: =字数统计!D6 -> 0 | G13: 0.32 | H13: =F13*G13 -> 0 | I13: 9/17 (星期三)
C14: =字数统计!C7 -> 0 | F14: =字数统计!D7 -> 0 | G14: 0.32 | H14: =F14*G14 -> 0 | I14: 9/17 (星期三)
C15: =字数统计!C8 -> 0 | F15: =字数统计!D8 -> 0 | G15: 0.32 | H15: =F15*G15 -> 0 | I15: 9/17 (星期三)
C16: =字数统计!C9 -> 0 | F16: =字数统计!D9 -> 0 | G16: 0.32 | H16: =F16*G16 -> 0 | I16: 9/17 (星期三)
C17: =字数统计!C10 -> 0 | F17: =字数统计!D10 -> 0 | G17: 0.32 | H17: =F17*G17 -> 0 | I17: 9/17 (星期三)
C18: =字数统计!C11 -> 0 | F18: =字数统计!D11 -> 0 | G18: 0.32 | H18: =F18*G18 -> 0 | I18: 9/17 (星期三)
C19: =字数统计!C12 -> 0 | F19: =字数统计!D12 -> 0 | G19: 0.32 | H19: =F19*G19 -> 0 | I19: 9/17 (星期三)
C20: =字数统计!C13 -> 0 | F20: =字数统计!D13 -> 0 | G20: 0.32 | H20: =F20*G20 -> 0 | I20: 9/17 (星期三)
C21: =字数统计!C14 -> 0 | F21: =字数统计!D14 -> 0 | G21: 0.32 | H21: =F21*G21 -> 0 | I21: 9/17 (星期三)
... C26: =字数统计!C19 -> 0 | F26: =字数统计!D19 -> 0 | G26: 0.32 | H26: =F26*G26 -> 0 | I26: 10/17 (星期五)
C27: =字数统计!C20 -> 0 | F27: =字数统计!D20 -> 0 | G27: 0.32 | H27: =F27*G27 -> 0
C28: =字数统计!C21 -> 0 | F28: =字数统计!D21 -> 0 | G28: 0.32 | H28: =F28*G28 -> 0
C29: =字数统计!C22 -> 0 | F29: =字数统计!D22 -> 0 | G29: 0.32 | H29: =F29*G29 -> 0 | I29: =字数统计!E22 -> 0
C30: =字数统计!C23 -> 0 | F30: =字数统计!D23 -> 0 | G30: 0.32 | H30: =F30*G30 -> 0 | I30: =字数统计!E23 -> 0
C31: =字数统计!C24 -> 0 | F31: =字数统计!D24 -> 0 | G31: 0.32 | H31: =F31*G31 -> 0 | I31: =字数统计!E24 -> 0
C32: =字数统计!C25 -> 0 | F32: =字数统计!D25 -> 0 | G32: 0.32 | H32: =F32*G32 -> 0 | I32: =字数统计!E38 -> 0
C33: =字数统计!C26 -> 0 | F33: =字数统计!D26 -> 0 | G33: 0.32 | H33: =F33*G33 -> 0 | I33: =字数统计!E39 -> 0
C34: =字数统计!C27 -> 0 | F34: =字数统计!D27 -> 0 | G34: 0.32 | H34: =F34*G34 -> 0 | I34: =字数统计!E40 -> 0
C35: =字数统计!C28 -> 0 | F35: =字数统计!D28 -> 0 | G35: 0.32 | H35: =F35*G35 -> 0 | I35: =字数统计!E41 -> 0
C36: =字数统计!C29 -> 0 | F36: =字数统计!D29 -> 0 | G36: 0.32 | H36: =F36*G36 -> 0
C37: =字数统计!C30 -> 0 | F37: =字数统计!D30 -> 0 | G37: 0.32 | H37: =F37*G37 -> 0
C38: =字数统计!C31 -> 0 | F38: =字数统计!D31 -> 0 | G38: 0.32 | H38: =F38*G38 -> 0
C39: =字数统计!C32 -> 0 | F39: =字数统计!D32 -> 0 | G39: 0.32 | H39: =F39*G39 -> 0
C40: =字数统计!C33 -> 0 | F40: =字数统计!D33 -> 0 | G40: 0.32 | H40: =F40*G40 -> 0
C41: =字数统计!C34 -> 0 | F41: =字数统计!D34 -> 0 | G41: 0.32 | H41: =F41*G41 -> 0
C42: =字数统计!C35 -> 0 | F42: =字数统计!D35 -> 0 | G42: 0.32 | H42: =F42*G42 -> 0
C43: =字数统计!C36 -> 0 | F43: =字数统计!D36 -> 0 | G43: 0.32 | H43: =F43*G43 -> 0
C44: =字数统计!C37 -> 0 | F44: =字数统计!D37 -> 0 | G44: 0.32 | H44: =F44*G44 -> 0
C45: =字数统计!C38 -> 0 | F45: =字数统计!D38 -> 0 | G45: 0.32 | H45: =F45*G45 -> 0
C46: 合计 | F46: =SUM(F10:F35) -> 0 | G46: 0.32 | H46: =F46*G46 -> 0
C48: 中译日
C49: 交付日期 | E49: 46136
C54: *本报价有效期为自报价日起1个月以内
C55: *国内主体人民币结算，需要追加6%增值税
C56: *日本主体公司日元结算，汇率以请款当月首个工作日外管理局官网公布的汇率为准进行换算http://www.safe.gov.cn/
C57: *本报价不包含源泉税
C58: 联系信息
C60: 我司名称： | E60: 大连游者之家信息技术有限公司
C61: 我司地址： | E61: 辽宁省大连市高新园区黄浦路533号 海创国际大厦7层07单元
C62: 联系人员： | E62: 殷守纪
C63: 联系电话： | E63: 13654287085

Sheet 字数统计
C2: 文件名 | D2: 结算字数 | E2: 预估纳品日期 | F2: 备注 | G2: 交付状况
C3: ='字数统计2 '!A1 -> 0 | D3: ='字数统计2 '!J13 -> 0
C4: ='字数统计2 '!A21 -> 0 | D4: ='字数统计2 '!J33 -> 0
C5: ='字数统计2 '!A41 -> 0 | D5: ='字数统计2 '!J53 -> 0
C6: ='字数统计2 '!A61 -> 0 | D6: ='字数统计2 '!J73 -> 0
C7: ='字数统计2 '!A81 -> 0 | D7: ='字数统计2 '!J93 -> 0
C8: ='字数统计2 '!A101 -> 0 | D8: ='字数统计2 '!J113 -> 0
C9: ='字数统计2 '!A121 -> 0 | D9: ='字数统计2 '!J133 -> 0
C10: ='字数统计2 '!A141 -> 0 | D10: ='字数统计2 '!J153 -> 0
C11: ='字数统计2 '!A161 -> 0 | D11: ='字数统计2 '!J173 -> 0
C12: ='字数统计2 '!A181 -> 0 | D12: ='字数统计2 '!J193 -> 0
C13: ='字数统计2 '!A201 -> 0 | D13: ='字数统计2 '!J213 -> 0
C14: ='字数统计2 '!A221 -> 0 | D14: ='字数统计2 '!J233 -> 0
C15: ='字数统计2 '!A241 -> 0 | D15: ='字数统计2 '!J253 -> 0
C16: ='字数统计2 '!A261 -> 0 | D16: ='字数统计2 '!J273 -> 0
C17: ='字数统计2 '!A281 -> 0 | D17: ='字数统计2 '!J293 -> 0
C18: ='字数统计2 '!A301 -> 0 | D18: ='字数统计2 '!J313 -> 0
C19: ='字数统计2 '!A321 -> 0 | D19: ='字数统计2 '!J333 -> 0
C20: ='字数统计2 '!A341 -> 0 | D20: ='字数统计2 '!J353 -> 0
C21: ='字数统计2 '!A361 -> 0 | D21: ='字数统计2 '!J373 -> 0
C22: ='字数统计2 '!A381 -> 0 | D22: ='字数统计2 '!J393 -> 0
C23: ='字数统计2 '!A401 -> 0 | D23: ='字数统计2 '!J413 -> 0
C24: ='字数统计2 '!A421 -> 0 | D24: ='字数统计2 '!J433 -> 0
C25: ='字数统计2 '!A441 -> 0 | D25: ='字数统计2 '!J453 -> 0
C26: ='字数统计2 '!A461 -> 0 | D26: ='字数统计2 '!J473 -> 0
C27: ='字数统计2 '!A481 -> 0 | D27: ='字数统计2 '!J493 -> 0
C28: ='字数统计2 '!A501 -> 0 | D28: ='字数统计2 '!J513 -> 0
C29: ='字数统计2 '!A521 -> 0 | D29: ='字数统计2 '!J533 -> 0
C30: ='字数统计2 '!A541 -> 0 | D30: ='字数统计2 '!J553 -> 0
C31: ='字数统计2 '!A561 -> 0 | D31: ='字数统计2 '!J573 -> 0
C32: ='字数统计2 '!A581 -> 0 | D32: ='字数统计2 '!J593 -> 0
C33: ='字数统计2 '!A601 -> 0 | D33: ='字数统计2 '!J613 -> 0
C34: ='字数统计2 '!A621 -> 0 | D34: ='字数统计2 '!J633 -> 0
C35: ='字数统计2 '!A641 -> 0 | D35: ='字数统计2 '!J653 -> 0
C36: ='字数统计2 '!A661 -> 0 | D36: ='字数统计2 '!J673 -> 0
C37: ='字数统计2 '!A681 -> 0 | D37: ='字数统计2 '!J693 -> 0
C38: ='字数统计2 '!A701 -> 0 | D38: ='字数统计2 '!J713 -> 0
C39: ='字数统计2 '!A721 -> 0 | D39: ='字数统计2 '!J733 -> 0
C40: ='字数统计2 '!A741 -> 0 | D40: ='字数统计2 '!J753 -> 0
C41: 合计 | D41: =SUM(D3:D40) -> 0

Sheet 字数统计2 
A1: =重复匹配率!B22 -> 0
A2: =重复匹配率!A25 -> 0 | B2: =重复匹配率!B25 -> 0 | C2: =重复匹配率!C25 -> 0 | D2: =重复匹配率!D25 -> 0 | E2: =重复匹配率!E25 -> 0 | F2: =重复匹配率!F25 -> 0 | G2: =重复匹配率!G25 -> 0 | H2: =重复匹配率!H25 -> 0 | I2: 比例 | J2: 结算 字数
A3: =重复匹配率!A26 -> 0 | B3: =重复匹配率!B26 -> 0 | C3: =重复匹配率!C26 -> 0 | D3: =重复匹配率!D26 -> 0 | E3: =重复匹配率!E26 -> 0 | F3: =重复匹配率!F26 -> 0 | G3: =重复匹配率!G26 -> 0 | H3: =重复匹配率!H26 -> 0 | I3: 0 | J3: =E3*I3 -> 0
A4: =重复匹配率!A27 -> 0 | B4: =重复匹配率!B27 -> 0 | C4: =重复匹配率!C27 -> 0 | D4: =重复匹配率!D27 -> 0 | E4: =重复匹配率!E27 -> 0 | F4: =重复匹配率!F27 -> 0 | G4: =重复匹配率!G27 -> 0 | H4: =重复匹配率!H27 -> 0 | I4: 0 | J4: =E4*I4 -> 0
A5: =重复匹配率!A28 -> 0 | B5: =重复匹配率!B28 -> 0 | C5: =重复匹配率!C28 -> 0 | D5: =重复匹配率!D28 -> 0 | E5: =重复匹配率!E28 -> 0 | F5: =重复匹配率!F28 -> 0 | G5: =重复匹配率!G28 -> 0 | H5: =重复匹配率!H28 -> 0 | I5: 0.1 | J5: =E5*I5 -> 0
A6: =重复匹配率!A29 -> 0 | B6: =重复匹配率!B29 -> 0 | C6: =重复匹配率!C29 -> 0 | D6: =重复匹配率!D29 -> 0 | E6: =重复匹配率!E29 -> 0 | F6: =重复匹配率!F29 -> 0 | G6: =重复匹配率!G29 -> 0 | H6: =重复匹配率!H29 -> 0 | I6: 0 | J6: =E6*I6 -> 0
A7: =重复匹配率!A30 -> 0 | B7: =重复匹配率!B30 -> 0 | C7: =重复匹配率!C30 -> 0 | D7: =重复匹配率!D30 -> 0 | E7: =重复匹配率!E30 -> 0 | F7: =重复匹配率!F30 -> 0 | G7: =重复匹配率!G30 -> 0 | H7: =重复匹配率!H30 -> 0 | I7: 0.2 | J7: =E7*I7 -> 0
A8: =重复匹配率!A31 -> 0 | B8: =重复匹配率!B31 -> 0 | C8: =重复匹配率!C31 -> 0 | D8: =重复匹配率!D31 -> 0 | E8: =重复匹配率!E31 -> 0 | F8: =重复匹配率!F31 -> 0 | G8: =重复匹配率!G31 -> 0 | H8: =重复匹配率!H31 -> 0 | I8: 0.3 | J8: =E8*I8 -> 0
A9: =重复匹配率!A32 -> 0 | B9: =重复匹配率!B32 -> 0 | C9: =重复匹配率!C32 -> 0 | D9: =重复匹配率!D32 -> 0 | E9: =重复匹配率!E32 -> 0 | F9: =重复匹配率!F32 -> 0 | G9: =重复匹配率!G32 -> 0 | H9: =重复匹配率!H32 -> 0 | I9: 0.5 | J9: =E9*I9 -> 0
A10: =重复匹配率!A33 -> 0 | B10: =重复匹配率!B33 -> 0 | C10: =重复匹配率!C33 -> 0 | D10: =重复匹配率!D33 -> 0 | E10: =重复匹配率!E33 -> 0 | F10: =重复匹配率!F33 -> 0 | G10: =重复匹配率!G33 -> 0 | H10: =重复匹配率!H33 -> 0 | I10: 0.6 | J10: =E10*I10 -> 0
A11: =重复匹配率!A34 -> 0 | B11: =重复匹配率!B34 -> 0 | C11: =重复匹配率!C34 -> 0 | D11: =重复匹配率!D34 -> 0 | E11: =重复匹配率!E34 -> 0 | F11: =重复匹配率!F34 -> 0 | G11: =重复匹配率!G34 -> 0 | H11: =重复匹配率!H34 -> 0 | I11: 1 | J11: =E11*I11 -> 0
A12: =重复匹配率!A35 -> 0 | B12: =重复匹配率!B35 -> 0 | C12: =重复匹配率!C35 -> 0 | D12: =重复匹配率!D35 -> 0 | E12: =重复匹配率!E35 -> 0 | F12: =重复匹配率!F35 -> 0 | G12: =重复匹配率!G35 -> 0 | H12: =重复匹配率!H35 -> 0 | I12: 1 | J12: =E12*I12 -> 0
A13: 小计 | J13: =SUM(J3:J12) -> 0
A21: =重复匹配率!B42 -> 0
A22: =重复匹配率!A45 -> 0 | B22: =重复匹配率!B45 -> 0 | C22: =重复匹配率!C45 -> 0 | D22: =重复匹配率!D45 -> 0 | E22: =重复匹配率!E45 -> 0 | F22: =重复匹配率!F45 -> 0 | G22: =重复匹配率!G45 -> 0 | H22: =重复匹配率!H45 -> 0 | I22: 比例 | J22: 结算 字数
A23: =重复匹配率!A46 -> 0 | B23: =重复匹配率!B46 -> 0 | C23: =重复匹配率!C46 -> 0 | D23: =重复匹配率!D46 -> 0 | E23: =重复匹配率!E46 -> 0 | F23: =重复匹配率!F46 -> 0 | G23: =重复匹配率!G46 -> 0 | H23: =重复匹配率!H46 -> 0 | I23: 0 | J23: =E23*I23 -> 0
A24: =重复匹配率!A47 -> 0 | B24: =重复匹配率!B47 -> 0 | C24: =重复匹配率!C47 -> 0 | D24: =重复匹配率!D47 -> 0 | E24: =重复匹配率!E47 -> 0 | F24: =重复匹配率!F47 -> 0 | G24: =重复匹配率!G47 -> 0 | H24: =重复匹配率!H47 -> 0 | I24: 0 | J24: =E24*I24 -> 0
A25: =重复匹配率!A48 -> 0 | B25: =重复匹配率!B48 -> 0 | C25: =重复匹配率!C48 -> 0 | D25: =重复匹配率!D48 -> 0 | E25: =重复匹配率!E48 -> 0 | F25: =重复匹配率!F48 -> 0 | G25: =重复匹配率!G48 -> 0 | H25: =重复匹配率!H48 -> 0 | I25: 0.1 | J25: =E25*I25 -> 0
A26: =重复匹配率!A49 -> 0 | B26: =重复匹配率!B49 -> 0 | C26: =重复匹配率!C49 -> 0 | D26: =重复匹配率!D49 -> 0 | E26: =重复匹配率!E49 -> 0 | F26: =重复匹配率!F49 -> 0 | G26: =重复匹配率!G49 -> 0 | H26: =重复匹配率!H49 -> 0 | I26: 0 | J26: =E26*I26 -> 0
A27: =重复匹配率!A50 -> 0 | B27: =重复匹配率!B50 -> 0 | C27: =重复匹配率!C50 -> 0 | D27: =重复匹配率!D50 -> 0 | E27: =重复匹配率!E50 -> 0 | F27: =重复匹配率!F50 -> 0 | G27: =重复匹配率!G50 -> 0 | H27: =重复匹配率!H50 -> 0 | I27: 0.2 | J27: =E27*I27 -> 0
A28: =重复匹配率!A51 -> 0 | B28: =重复匹配率!B51 -> 0 | C28: =重复匹配率!C51 -> 0 | D28: =重复匹配率!D51 -> 0 | E28: =重复匹配率!E51 -> 0 | F28: =重复匹配率!F51 -> 0 | G28: =重复匹配率!G51 -> 0 | H28: =重复匹配率!H51 -> 0 | I28: 0.3 | J28: =E28*I28 -> 0
A29: =重复匹配率!A52 -> 0 | B29: =重复匹配率!B52 -> 0 | C29: =重复匹配率!C52 -> 0 | D29: =重复匹配率!D52 -> 0 | E29: =重复匹配率!E52 -> 0 | F29: =重复匹配率!F52 -> 0 | G29: =重复匹配率!G52 -> 0 | H29: =重复匹配率!H52 -> 0 | I29: 0.5 | J29: =E29*I29 -> 0
A30: =重复匹配率!A53 -> 0 | B30: =重复匹配率!B53 -> 0 | C30: =重复匹配率!C53 -> 0 | D30: =重复匹配率!D53 -> 0 | E30: =重复匹配率!E53 -> 0 | F30: =重复匹配率!F53 -> 0 | G30: =重复匹配率!G53 -> 0 | H30: =重复匹配率!H53 -> 0 | I30: 0.6 | J30: =E30*I30 -> 0
A31: =重复匹配率!A54 -> 0 | B31: =重复匹配率!B54 -> 0 | C31: =重复匹配率!C54 -> 0 | D31: =重复匹配率!D54 -> 0 | E31: =重复匹配率!E54 -> 0 | F31: =重复匹配率!F54 -> 0 | G31: =重复匹配率!G54 -> 0 | H31: =重复匹配率!H54 -> 0 | I31: 1 | J31: =E31*I31 -> 0
A32: =重复匹配率!A55 -> 0 | B32: =重复匹配率!B55 -> 0 | C32: =重复匹配率!C55 -> 0 | D32: =重复匹配率!D55 -> 0 | E32: =重复匹配率!E55 -> 0 | F32: =重复匹配率!F55 -> 0 | G32: =重复匹配率!G55 -> 0 | H32: =重复匹配率!H55 -> 0 | I32: 1 | J32: =E32*I32 -> 0
A33: 小计 | J33: =SUM(J23:J32) -> 0
A41: =重复匹配率!B62 -> 0
A42: =重复匹配率!A65 -> 0 | B42: =重复匹配率!B65 -> 0 | C42: =重复匹配率!C65 -> 0 | D42: =重复匹配率!D65 -> 0 | E42: =重复匹配率!E65 -> 0 | F42: =重复匹配率!F65 -> 0 | G42: =重复匹配率!G65 -> 0 | H42: =重复匹配率!H65 -> 0 | I42: 比例 | J42: 结算 字数
A43: =重复匹配率!A66 -> 0 | B43: =重复匹配率!B66 -> 0 | C43: =重复匹配率!C66 -> 0 | D43: =重复匹配率!D66 -> 0 | E43: =重复匹配率!E66 -> 0 | F43: =重复匹配率!F66 -> 0 | G43: =重复匹配率!G66 -> 0 | H43: =重复匹配率!H66 -> 0 | I43: 0 | J43: =E43*I43 -> 0
A44: =重复匹配率!A67 -> 0 | B44: =重复匹配率!B67 -> 0 | C44: =重复匹配率!C67 -> 0 | D44: =重复匹配率!D67 -> 0 | E44: =重复匹配率!E67 -> 0 | F44: =重复匹配率!F67 -> 0 | G44: =重复匹配率!G67 -> 0 | H44: =重复匹配率!H67 -> 0 | I44: 0 | J44: =E44*I44 -> 0
A45: =重复匹配率!A68 -> 0 | B45: =重复匹配率!B68 -> 0 | C45: =重复匹配率!C68 -> 0 | D45: =重复匹配率!D68 -> 0 | E45: =重复匹配率!E68 -> 0 | F45: =重复匹配率!F68 -> 0 | G45: =重复匹配率!G68 -> 0 | H45: =重复匹配率!H68 -> 0 | I45: 0.1 | J45: =E45*I45 -> 0
A46: =重复匹配率!A69 -> 0 | B46: =重复匹配率!B69 -> 0 | C46: =重复匹配率!C69 -> 0 | D46: =重复匹配率!D69 -> 0 | E46: =重复匹配率!E69 -> 0 | F46: =重复匹配率!F69 -> 0 | G46: =重复匹配率!G69 -> 0 | H46: =重复匹配率!H69 -> 0 | I46: 0 | J46: =E46*I46 -> 0
A47: =重复匹配率!A70 -> 0 | B47: =重复匹配率!B70 -> 0 | C47: =重复匹配率!C70 -> 0 | D47: =重复匹配率!D70 -> 0 | E47: =重复匹配率!E70 -> 0 | F47: =重复匹配率!F70 -> 0 | G47: =重复匹配率!G70 -> 0 | H47: =重复匹配率!H70 -> 0 | I47: 0.2 | J47: =E47*I47 -> 0
A48: =重复匹配率!A71 -> 0 | B48: =重复匹配率!B71 -> 0 | C48: =重复匹配率!C71 -> 0 | D48: =重复匹配率!D71 -> 0 | E48: =重复匹配率!E71 -> 0 | F48: =重复匹配率!F71 -> 0 | G48: =重复匹配率!G71 -> 0 | H48: =重复匹配率!H71 -> 0 | I48: 0.3 | J48: =E48*I48 -> 0
A49: =重复匹配率!A72 -> 0 | B49: =重复匹配率!B72 -> 0 | C49: =重复匹配率!C72 -> 0 | D49: =重复匹配率!D72 -> 0 | E49: =重复匹配率!E72 -> 0 | F49: =重复匹配率!F72 -> 0 | G49: =重复匹配率!G72 -> 0 | H49: =重复匹配率!H72 -> 0 | I49: 0.5 | J49: =E49*I49 -> 0
A50: =重复匹配率!A73 -> 0 | B50: =重复匹配率!B73 -> 0 | C50: =重复匹配率!C73 -> 0 | D50: =重复匹配率!D73 -> 0 | E50: =重复匹配率!E73 -> 0 | F50: =重复匹配率!F73 -> 0 | G50: =重复匹配率!G73 -> 0 | H50: =重复匹配率!H73 -> 0 | I50: 0.6 | J50: =E50*I50 -> 0
A51: =重复匹配率!A74 -> 0 | B51: =重复匹配率!B74 -> 0 | C51: =重复匹配率!C74 -> 0 | D51: =重复匹配率!D74 -> 0 | E51: =重复匹配率!E74 -> 0 | F51: =重复匹配率!F74 -> 0 | G51: =重复匹配率!G74 -> 0 | H51: =重复匹配率!H74 -> 0 | I51: 1 | J51: =E51*I51 -> 0
A52: =重复匹配率!A75 -> 0 | B52: =重复匹配率!B75 -> 0 | C52: =重复匹配率!C75 -> 0 | D52: =重复匹配率!D75 -> 0 | E52: =重复匹配率!E75 -> 0 | F52: =重复匹配率!F75 -> 0 | G52: =重复匹配率!G75 -> 0 | H52: =重复匹配率!H75 -> 0 | I52: 1 | J52: =E52*I52 -> 0
A53: 小计 | J53: =SUM(J43:J52) -> 0
A61: =重复匹配率!B82 -> 0
A62: =重复匹配率!A85 -> 0 | B62: =重复匹配率!B85 -> 0 | C62: =重复匹配率!C85 -> 0 | D62: =重复匹配率!D85 -> 0 | E62: =重复匹配率!E85 -> 0 | F62: =重复匹配率!F85 -> 0 | G62: =重复匹配率!G85 -> 0 | H62: =重复匹配率!H85 -> 0 | I62: 比例 | J62: 结算 字数
A63: =重复匹配率!A86 -> 0 | B63: =重复匹配率!B86 -> 0 | C63: =重复匹配率!C86 -> 0 | D63: =重复匹配率!D86 -> 0 | E63: =重复匹配率!E86 -> 0 | F63: =重复匹配率!F86 -> 0 | G63: =重复匹配率!G86 -> 0 | H63: =重复匹配率!H86 -> 0 | I63: 0 | J63: =E63*I63 -> 0
A64: =重复匹配率!A87 -> 0 | B64: =重复匹配率!B87 -> 0 | C64: =重复匹配率!C87 -> 0 | D64: =重复匹配率!D87 -> 0 | E64: =重复匹配率!E87 -> 0 | F64: =重复匹配率!F87 -> 0 | G64: =重复匹配率!G87 -> 0 | H64: =重复匹配率!H87 -> 0 | I64: 0 | J64: =E64*I64 -> 0
A65: =重复匹配率!A88 -> 0 | B65: =重复匹配率!B88 -> 0 | C65: =重复匹配率!C88 -> 0 | D65: =重复匹配率!D88 -> 0 | E65: =重复匹配率!E88 -> 0 | F65: =重复匹配率!F88 -> 0 | G65: =重复匹配率!G88 -> 0 | H65: =重复匹配率!H88 -> 0 | I65: 0.1 | J65: =E65*I65 -> 0
A66: =重复匹配率!A89 -> 0 | B66: =重复匹配率!B89 -> 0 | C66: =重复匹配率!C89 -> 0 | D66: =重复匹配率!D89 -> 0 | E66: =重复匹配率!E89 -> 0 | F66: =重复匹配率!F89 -> 0 | G66: =重复匹配率!G89 -> 0 | H66: =重复匹配率!H89 -> 0 | I66: 0 | J66: =E66*I66 -> 0
A67: =重复匹配率!A90 -> 0 | B67: =重复匹配率!B90 -> 0 | C67: =重复匹配率!C90 -> 0 | D67: =重复匹配率!D90 -> 0 | E67: =重复匹配率!E90 -> 0 | F67: =重复匹配率!F90 -> 0 | G67: =重复匹配率!G90 -> 0 | H67: =重复匹配率!H90 -> 0 | I67: 0.2 | J67: =E67*I67 -> 0
A68: =重复匹配率!A91 -> 0 | B68: =重复匹配率!B91 -> 0 | C68: =重复匹配率!C91 -> 0 | D68: =重复匹配率!D91 -> 0 | E68: =重复匹配率!E91 -> 0 | F68: =重复匹配率!F91 -> 0 | G68: =重复匹配率!G91 -> 0 | H68: =重复匹配率!H91 -> 0 | I68: 0.3 | J68: =E68*I68 -> 0
A69: =重复匹配率!A92 -> 0 | B69: =重复匹配率!B92 -> 0 | C69: =重复匹配率!C92 -> 0 | D69: =重复匹配率!D92 -> 0 | E69: =重复匹配率!E92 -> 0 | F69: =重复匹配率!F92 -> 0 | G69: =重复匹配率!G92 -> 0 | H69: =重复匹配率!H92 -> 0 | I69: 0.5 | J69: =E69*I69 -> 0
A70: =重复匹配率!A93 -> 0 | B70: =重复匹配率!B93 -> 0 | C70: =重复匹配率!C93 -> 0 | D70: =重复匹配率!D93 -> 0 | E70: =重复匹配率!E93 -> 0 | F70: =重复匹配率!F93 -> 0 | G70: =重复匹配率!G93 -> 0 | H70: =重复匹配率!H93 -> 0 | I70: 0.6 | J70: =E70*I70 -> 0
A71: =重复匹配率!A94 -> 0 | B71: =重复匹配率!B94 -> 0 | C71: =重复匹配率!C94 -> 0 | D71: =重复匹配率!D94 -> 0 | E71: =重复匹配率!E94 -> 0 | F71: =重复匹配率!F94 -> 0 | G71: =重复匹配率!G94 -> 0 | H71: =重复匹配率!H94 -> 0 | I71: 1 | J71: =E71*I71 -> 0
A72: =重复匹配率!A95 -> 0 | B72: =重复匹配率!B95 -> 0 | C72: =重复匹配率!C95 -> 0 | D72: =重复匹配率!D95 -> 0 | E72: =重复匹配率!E95 -> 0 | F72: =重复匹配率!F95 -> 0 | G72: =重复匹配率!G95 -> 0 | H72: =重复匹配率!H95 -> 0 | I72: 1 | J72: =E72*I72 -> 0
A73: 小计 | J73: =SUM(J63:J72) -> 0
A81: =重复匹配率!B102 -> 0
A82: =重复匹配率!A105 -> 0 | B82: =重复匹配率!B105 -> 0 | C82: =重复匹配率!C105 -> 0 | D82: =重复匹配率!D105 -> 0 | E82: =重复匹配率!E105 -> 0 | F82: =重复匹配率!F105 -> 0 | G82: =重复匹配率!G105 -> 0 | H82: =重复匹配率!H105 -> 0 | I82: 比例 | J82: 结算 字数
A83: =重复匹配率!A106 -> 0 | B83: =重复匹配率!B106 -> 0 | C83: =重复匹配率!C106 -> 0 | D83: =重复匹配率!D106 -> 0 | E83: =重复匹配率!E106 -> 0 | F83: =重复匹配率!F106 -> 0 | G83: =重复匹配率!G106 -> 0 | H83: =重复匹配率!H106 -> 0 | I83: 0 | J83: =E83*I83 -> 0
A84: =重复匹配率!A107 -> 0 | B84: =重复匹配率!B107 -> 0 | C84: =重复匹配率!C107 -> 0 | D84: =重复匹配率!D107 -> 0 | E84: =重复匹配率!E107 -> 0 | F84: =重复匹配率!F107 -> 0 | G84: =重复匹配率!G107 -> 0 | H84: =重复匹配率!H107 -> 0 | I84: 0 | J84: =E84*I84 -> 0
A85: =重复匹配率!A108 -> 0 | B85: =重复匹配率!B108 -> 0 | C85: =重复匹配率!C108 -> 0 | D85: =重复匹配率!D108 -> 0 | E85: =重复匹配率!E108 -> 0 | F85: =重复匹配率!F108 -> 0 | G85: =重复匹配率!G108 -> 0 | H85: =重复匹配率!H108 -> 0 | I85: 0.1 | J85: =E85*I85 -> 0
A86: =重复匹配率!A109 -> 0 | B86: =重复匹配率!B109 -> 0 | C86: =重复匹配率!C109 -> 0 | D86: =重复匹配率!D109 -> 0 | E86: =重复匹配率!E109 -> 0 | F86: =重复匹配率!F109 -> 0 | G86: =重复匹配率!G109 -> 0 | H86: =重复匹配率!H109 -> 0 | I86: 0 | J86: =E86*I86 -> 0
A87: =重复匹配率!A110 -> 0 | B87: =重复匹配率!B110 -> 0 | C87: =重复匹配率!C110 -> 0 | D87: =重复匹配率!D110 -> 0 | E87: =重复匹配率!E110 -> 0 | F87: =重复匹配率!F110 -> 0 | G87: =重复匹配率!G110 -> 0 | H87: =重复匹配率!H110 -> 0 | I87: 0.2 | J87: =E87*I87 -> 0
A88: =重复匹配率!A111 -> 0 | B88: =重复匹配率!B111 -> 0 | C88: =重复匹配率!C111 -> 0 | D88: =重复匹配率!D111 -> 0 | E88: =重复匹配率!E111 -> 0 | F88: =重复匹配率!F111 -> 0 | G88: =重复匹配率!G111 -> 0 | H88: =重复匹配率!H111 -> 0 | I88: 0.3 | J88: =E88*I88 -> 0
A89: =重复匹配率!A112 -> 0 | B89: =重复匹配率!B112 -> 0 | C89: =重复匹配率!C112 -> 0 | D89: =重复匹配率!D112 -> 0 | E89: =重复匹配率!E112 -> 0 | F89: =重复匹配率!F112 -> 0 | G89: =重复匹配率!G112 -> 0 | H89: =重复匹配率!H112 -> 0 | I89: 0.5 | J89: =E89*I89 -> 0
A90: =重复匹配率!A113 -> 0 | B90: =重复匹配率!B113 -> 0 | C90: =重复匹配率!C113 -> 0 | D90: =重复匹配率!D113 -> 0 | E90: =重复匹配率!E113 -> 0 | F90: =重复匹配率!F113 -> 0 | G90: =重复匹配率!G113 -> 0 | H90: =重复匹配率!H113 -> 0 | I90: 0.6 | J90: =E90*I90 -> 0
A91: =重复匹配率!A114 -> 0 | B91: =重复匹配率!B114 -> 0 | C91: =重复匹配率!C114 -> 0 | D91: =重复匹配率!D114 -> 0 | E91: =重复匹配率!E114 -> 0 | F91: =重复匹配率!F114 -> 0 | G91: =重复匹配率!G114 -> 0 | H91: =重复匹配率!H114 -> 0 | I91: 1 | J91: =E91*I91 -> 0
A92: =重复匹配率!A115 -> 0 | B92: =重复匹配率!B115 -> 0 | C92: =重复匹配率!C115 -> 0 | D92: =重复匹配率!D115 -> 0 | E92: =重复匹配率!E115 -> 0 | F92: =重复匹配率!F115 -> 0 | G92: =重复匹配率!G115 -> 0 | H92: =重复匹配率!H115 -> 0 | I92: 1 | J92: =E92*I92 -> 0
A93: 小计 | J93: =SUM(J83:J92) -> 0
A101: =重复匹配率!B122 -> 0
A102: =重复匹配率!A125 -> 0 | B102: =重复匹配率!B125 -> 0 | C102: =重复匹配率!C125 -> 0 | D102: =重复匹配率!D125 -> 0 | E102: =重复匹配率!E125 -> 0 | F102: =重复匹配率!F125 -> 0 | G102: =重复匹配率!G125 -> 0 | H102: =重复匹配率!H125 -> 0 | I102: 比例 | J102: 结算 字数
A103: =重复匹配率!A126 -> 0 | B103: =重复匹配率!B126 -> 0 | C103: =重复匹配率!C126 -> 0 | D103: =重复匹配率!D126 -> 0 | E103: =重复匹配率!E126 -> 0 | F103: =重复匹配率!F126 -> 0 | G103: =重复匹配率!G126 -> 0 | H103: =重复匹配率!H126 -> 0 | I103: 0 | J103: =E103*I103 -> 0
A104: =重复匹配率!A127 -> 0 | B104: =重复匹配率!B127 -> 0 | C104: =重复匹配率!C127 -> 0 | D104: =重复匹配率!D127 -> 0 | E104: =重复匹配率!E127 -> 0 | F104: =重复匹配率!F127 -> 0 | G104: =重复匹配率!G127 -> 0 | H104: =重复匹配率!H127 -> 0 | I104: 0 | J104: =E104*I104 -> 0
A105: =重复匹配率!A128 -> 0 | B105: =重复匹配率!B128 -> 0 | C105: =重复匹配率!C128 -> 0 | D105: =重复匹配率!D128 -> 0 | E105: =重复匹配率!E128 -> 0 | F105: =重复匹配率!F128 -> 0 | G105: =重复匹配率!G128 -> 0 | H105: =重复匹配率!H128 -> 0 | I105: 0.1 | J105: =E105*I105 -> 0
A106: =重复匹配率!A129 -> 0 | B106: =重复匹配率!B129 -> 0 | C106: =重复匹配率!C129 -> 0 | D106: =重复匹配率!D129 -> 0 | E106: =重复匹配率!E129 -> 0 | F106: =重复匹配率!F129 -> 0 | G106: =重复匹配率!G129 -> 0 | H106: =重复匹配率!H129 -> 0 | I106: 0 | J106: =E106*I106 -> 0
A107: =重复匹配率!A130 -> 0 | B107: =重复匹配率!B130 -> 0 | C107: =重复匹配率!C130 -> 0 | D107: =重复匹配率!D130 -> 0 | E107: =重复匹配率!E130 -> 0 | F107: =重复匹配率!F130 -> 0 | G107: =重复匹配率!G130 -> 0 | H107: =重复匹配率!H130 -> 0 | I107: 0.2 | J107: =E107*I107 -> 0
A108: =重复匹配率!A131 -> 0 | B108: =重复匹配率!B131 -> 0 | C108: =重复匹配率!C131 -> 0 | D108: =重复匹配率!D131 -> 0 | E108: =重复匹配率!E131 -> 0 | F108: =重复匹配率!F131 -> 0 | G108: =重复匹配率!G131 -> 0 | H108: =重复匹配率!H131 -> 0 | I108: 0.3 | J108: =E108*I108 -> 0
A109: =重复匹配率!A132 -> 0 | B109: =重复匹配率!B132 -> 0 | C109: =重复匹配率!C132 -> 0 | D109: =重复匹配率!D132 -> 0 | E109: =重复匹配率!E132 -> 0 | F109: =重复匹配率!F132 -> 0 | G109: =重复匹配率!G132 -> 0 | H109: =重复匹配率!H132 -> 0 | I109: 0.5 | J109: =E109*I109 -> 0
A110: =重复匹配率!A133 -> 0 | B110: =重复匹配率!B133 -> 0 | C110: =重复匹配率!C133 -> 0 | D110: =重复匹配率!D133 -> 0 | E110: =重复匹配率!E133 -> 0 | F110: =重复匹配率!F133 -> 0 | G110: =重复匹配率!G133 -> 0 | H110: =重复匹配率!H133 -> 0 | I110: 0.6 | J110: =E110*I110 -> 0
A111: =重复匹配率!A134 -> 0 | B111: =重复匹配率!B134 -> 0 | C111: =重复匹配率!C134 -> 0 | D111: =重复匹配率!D134 -> 0 | E111: =重复匹配率!E134 -> 0 | F111: =重复匹配率!F134 -> 0 | G111: =重复匹配率!G134 -> 0 | H111: =重复匹配率!H134 -> 0 | I111: 1 | J111: =E111*I111 -> 0
A112: =重复匹配率!A135 -> 0 | B112: =重复匹配率!B135 -> 0 | C112: =重复匹配率!C135 -> 0 | D112: =重复匹配率!D135 -> 0 | E112: =重复匹配率!E135 -> 0 | F112: =重复匹配率!F135 -> 0 | G112: =重复匹配率!G135 -> 0 | H112: =重复匹配率!H135 -> 0 | I112: 1 | J112: =E112*I112 -> 0
A113: 小计 | J113: =SUM(J103:J112) -> 0
A121: =重复匹配率!B142 -> 0
A122: =重复匹配率!A145 -> 0 | B122: =重复匹配率!B145 -> 0 | C122: =重复匹配率!C145 -> 0 | D122: =重复匹配率!D145 -> 0 | E122: =重复匹配率!E145 -> 0 | F122: =重复匹配率!F145 -> 0 | G122: =重复匹配率!G145 -> 0 | H122: =重复匹配率!H145 -> 0 | I122: 比例 | J122: 结算 字数
A123: =重复匹配率!A146 -> 0 | B123: =重复匹配率!B146 -> 0 | C123: =重复匹配率!C146 -> 0 | D123: =重复匹配率!D146 -> 0 | E123: =重复匹配率!E146 -> 0 | F123: =重复匹配率!F146 -> 0 | G123: =重复匹配率!G146 -> 0 | H123: =重复匹配率!H146 -> 0 | I123: 0 | J123: =E123*I123 -> 0
A124: =重复匹配率!A147 -> 0 | B124: =重复匹配率!B147 -> 0 | C124: =重复匹配率!C147 -> 0 | D124: =重复匹配率!D147 -> 0 | E124: =重复匹配率!E147 -> 0 | F124: =重复匹配率!F147 -> 0 | G124: =重复匹配率!G147 -> 0 | H124: =重复匹配率!H147 -> 0 | I124: 0 | J124: =E124*I124 -> 0
A125: =重复匹配率!A148 -> 0 | B125: =重复匹配率!B148 -> 0 | C125: =重复匹配率!C148 -> 0 | D125: =重复匹配率!D148 -> 0 | E125: =重复匹配率!E148 -> 0 | F125: =重复匹配率!F148 -> 0 | G125: =重复匹配率!G148 -> 0 | H125: =重复匹配率!H148 -> 0 | I125: 0.1 | J125: =E125*I125 -> 0
A126: =重复匹配率!A149 -> 0 | B126: =重复匹配率!B149 -> 0 | C126: =重复匹配率!C149 -> 0 | D126: =重复匹配率!D149 -> 0 | E126: =重复匹配率!E149 -> 0 | F126: =重复匹配率!F149 -> 0 | G126: =重复匹配率!G149 -> 0 | H126: =重复匹配率!H149 -> 0 | I126: 0 | J126: =E126*I126 -> 0
A127: =重复匹配率!A150 -> 0 | B127: =重复匹配率!B150 -> 0 | C127: =重复匹配率!C150 -> 0 | D127: =重复匹配率!D150 -> 0 | E127: =重复匹配率!E150 -> 0 | F127: =重复匹配率!F150 -> 0 | G127: =重复匹配率!G150 -> 0 | H127: =重复匹配率!H150 -> 0 | I127: 0.2 | J127: =E127*I127 -> 0
A128: =重复匹配率!A151 -> 0 | B128: =重复匹配率!B151 -> 0 | C128: =重复匹配率!C151 -> 0 | D128: =重复匹配率!D151 -> 0 | E128: =重复匹配率!E151 -> 0 | F128: =重复匹配率!F151 -> 0 | G128: =重复匹配率!G151 -> 0 | H128: =重复匹配率!H151 -> 0 | I128: 0.3 | J128: =E128*I128 -> 0
A129: =重复匹配率!A152 -> 0 | B129: =重复匹配率!B152 -> 0 | C129: =重复匹配率!C152 -> 0 | D129: =重复匹配率!D152 -> 0 | E129: =重复匹配率!E152 -> 0 | F129: =重复匹配率!F152 -> 0 | G129: =重复匹配率!G152 -> 0 | H129: =重复匹配率!H152 -> 0 | I129: 0.5 | J129: =E129*I129 -> 0
A130: =重复匹配率!A153 -> 0 | B130: =重复匹配率!B153 -> 0 | C130: =重复匹配率!C153 -> 0 | D130: =重复匹配率!D153 -> 0 | E130: =重复匹配率!E153 -> 0 | F130: =重复匹配率!F153 -> 0 | G130: =重复匹配率!G153 -> 0 | H130: =重复匹配率!H153 -> 0 | I130: 0.6 | J130: =E130*I130 -> 0
A131: =重复匹配率!A154 -> 0 | B131: =重复匹配率!B154 -> 0 | C131: =重复匹配率!C154 -> 0 | D131: =重复匹配率!D154 -> 0 | E131: =重复匹配率!E154 -> 0 | F131: =重复匹配率!F154 -> 0 | G131: =重复匹配率!G154 -> 0 | H131: =重复匹配率!H154 -> 0 | I131: 1 | J131: =E131*I131 -> 0
A132: =重复匹配率!A155 -> 0 | B132: =重复匹配率!B155 -> 0 | C132: =重复匹配率!C155 -> 0 | D132: =重复匹配率!D155 -> 0 | E132: =重复匹配率!E155 -> 0 | F132: =重复匹配率!F155 -> 0 | G132: =重复匹配率!G155 -> 0 | H132: =重复匹配率!H155 -> 0 | I132: 1 | J132: =E132*I132 -> 0
A133: 小计 | J133: =SUM(J123:J132) -> 0
A141: =重复匹配率!B162 -> 0
A142: =重复匹配率!A165 -> 0 | B142: =重复匹配率!B165 -> 0 | C142: =重复匹配率!C165 -> 0 | D142: =重复匹配率!D165 -> 0 | E142: =重复匹配率!E165 -> 0 | F142: =重复匹配率!F165 -> 0 | G142: =重复匹配率!G165 -> 0 | H142: =重复匹配率!H165 -> 0 | I142: 比例 | J142: 结算 字数
A143: =重复匹配率!A166 -> 0 | B143: =重复匹配率!B166 -> 0 | C143: =重复匹配率!C166 -> 0 | D143: =重复匹配率!D166 -> 0 | E143: =重复匹配率!E166 -> 0 | F143: =重复匹配率!F166 -> 0 | G143: =重复匹配率!G166 -> 0 | H143: =重复匹配率!H166 -> 0 | I143: 0 | J143: =E143*I143 -> 0
A144: =重复匹配率!A167 -> 0 | B144: =重复匹配率!B167 -> 0 | C144: =重复匹配率!C167 -> 0 | D144: =重复匹配率!D167 -> 0 | E144: =重复匹配率!E167 -> 0 | F144: =重复匹配率!F167 -> 0 | G144: =重复匹配率!G167 -> 0 | H144: =重复匹配率!H167 -> 0 | I144: 0 | J144: =E144*I144 -> 0
A145: =重复匹配率!A168 -> 0 | B145: =重复匹配率!B168 -> 0 | C145: =重复匹配率!C168 -> 0 | D145: =重复匹配率!D168 -> 0 | E145: =重复匹配率!E168 -> 0 | F145: =重复匹配率!F168 -> 0 | G145: =重复匹配率!G168 -> 0 | H145: =重复匹配率!H168 -> 0 | I145: 0.1 | J145: =E145*I145 -> 0
A146: =重复匹配率!A169 -> 0 | B146: =重复匹配率!B169 -> 0 | C146: =重复匹配率!C169 -> 0 | D146: =重复匹配率!D169 -> 0 | E146: =重复匹配率!E169 -> 0 | F146: =重复匹配率!F169 -> 0 | G146: =重复匹配率!G169 -> 0 | H146: =重复匹配率!H169 -> 0 | I146: 0 | J146: =E146*I146 -> 0
A147: =重复匹配率!A170 -> 0 | B147: =重复匹配率!B170 -> 0 | C147: =重复匹配率!C170 -> 0 | D147: =重复匹配率!D170 -> 0 | E147: =重复匹配率!E170 -> 0 | F147: =重复匹配率!F170 -> 0 | G147: =重复匹配率!G170 -> 0 | H147: =重复匹配率!H170 -> 0 | I147: 0.2 | J147: =E147*I147 -> 0
A148: =重复匹配率!A171 -> 0 | B148: =重复匹配率!B171 -> 0 | C148: =重复匹配率!C171 -> 0 | D148: =重复匹配率!D171 -> 0 | E148: =重复匹配率!E171 -> 0 | F148: =重复匹配率!F171 -> 0 | G148: =重复匹配率!G171 -> 0 | H148: =重复匹配率!H171 -> 0 | I148: 0.3 | J148: =E148*I148 -> 0
A149: =重复匹配率!A172 -> 0 | B149: =重复匹配率!B172 -> 0 | C149: =重复匹配率!C172 -> 0 | D149: =重复匹配率!D172 -> 0 | E149: =重复匹配率!E172 -> 0 | F149: =重复匹配率!F172 -> 0 | G149: =重复匹配率!G172 -> 0 | H149: =重复匹配率!H172 -> 0 | I149: 0.5 | J149: =E149*I149 -> 0
...

Sheet 重复匹配率
